timeStamp,elapsed,label,responseCode,responseMessage,threadName,dataType,success,failureMessage,bytes,sentBytes,grpThreads,allThreads,URL,Latency,IdleTime,Connect
1645017094566,3250,MyHomePage,200,OK,UsersLifeCharger 1-2,text,false,"The operation lasted too long: It took 3,250 milliseconds, but should not have lasted longer than 1,700 milliseconds.",37028,131,5,5,https://lifecharger.org/2-minute-rule/,3072,0,353
1645017094363,3465,MyHomePage,200,OK,UsersLifeCharger 1-1,text,false,"The operation lasted too long: It took 3,465 milliseconds, but should not have lasted longer than 1,700 milliseconds.",37028,131,5,5,https://lifecharger.org/2-minute-rule/,3292,0,376
1645017095167,2682,MyHomePage,200,OK,UsersLifeCharger 1-5,text,false,"The operation lasted too long: It took 2,682 milliseconds, but should not have lasted longer than 1,700 milliseconds.",37028,131,5,5,https://lifecharger.org/2-minute-rule/,2464,0,382
1645017094765,3394,MyHomePage,200,OK,UsersLifeCharger 1-3,text,false,"The operation lasted too long: It took 3,394 milliseconds, but should not have lasted longer than 1,700 milliseconds.",37028,131,5,5,https://lifecharger.org/2-minute-rule/,3217,0,401
1645017094979,3179,MyHomePage,200,OK,UsersLifeCharger 1-4,text,false,"The operation lasted too long: It took 3,179 milliseconds, but should not have lasted longer than 1,700 milliseconds.",37043,131,5,5,https://lifecharger.org/2-minute-rule/,3001,0,370
1645017097824,1691,MyHomePage,200,OK,UsersLifeCharger 1-2,text,false,can't parse argument number: ,37028,131,5,5,https://lifecharger.org/2-minute-rule/,1679,0,0
1645017097853,2439,MyHomePage,200,OK,UsersLifeCharger 1-5,text,false,"The operation lasted too long: It took 2,439 milliseconds, but should not have lasted longer than 1,700 milliseconds.",37028,131,5,5,https://lifecharger.org/2-minute-rule/,2374,0,0
1645017097835,2618,MyHomePage,200,OK,UsersLifeCharger 1-1,text,false,"The operation lasted too long: It took 2,618 milliseconds, but should not have lasted longer than 1,700 milliseconds.",37028,131,5,5,https://lifecharger.org/2-minute-rule/,2567,0,0
1645017098171,2403,MyHomePage,200,OK,UsersLifeCharger 1-4,text,false,"The operation lasted too long: It took 2,403 milliseconds, but should not have lasted longer than 1,700 milliseconds.",37028,131,5,5,https://lifecharger.org/2-minute-rule/,2402,0,0
1645017098171,2623,MyHomePage,200,OK,UsersLifeCharger 1-3,text,false,"The operation lasted too long: It took 2,623 milliseconds, but should not have lasted longer than 1,700 milliseconds.",37028,131,5,5,https://lifecharger.org/2-minute-rule/,2602,0,0
1645017099520,2070,MyHomePage,200,OK,UsersLifeCharger 1-2,text,false,"The operation lasted too long: It took 2,070 milliseconds, but should not have lasted longer than 1,700 milliseconds.",37028,131,5,5,https://lifecharger.org/2-minute-rule/,2058,0,0
1645017100303,2519,MyHomePage,200,OK,UsersLifeCharger 1-5,text,false,"The operation lasted too long: It took 2,519 milliseconds, but should not have lasted longer than 1,700 milliseconds.",37028,131,5,5,https://lifecharger.org/2-minute-rule/,2509,0,0
1645017100584,2311,MyHomePage,200,OK,UsersLifeCharger 1-4,text,false,"The operation lasted too long: It took 2,311 milliseconds, but should not have lasted longer than 1,700 milliseconds.",37028,131,5,5,https://lifecharger.org/2-minute-rule/,2282,0,0
1645017100799,2660,MyHomePage,200,OK,UsersLifeCharger 1-3,text,false,"The operation lasted too long: It took 2,660 milliseconds, but should not have lasted longer than 1,700 milliseconds.",37028,131,5,5,https://lifecharger.org/2-minute-rule/,2638,0,0
1645017100460,3106,MyHomePage,200,OK,UsersLifeCharger 1-1,text,false,"The operation lasted too long: It took 3,106 milliseconds, but should not have lasted longer than 1,700 milliseconds.",37028,131,5,5,https://lifecharger.org/2-minute-rule/,3067,0,0
1645017101595,2731,MyHomePage,200,OK,UsersLifeCharger 1-2,text,false,"The operation lasted too long: It took 2,731 milliseconds, but should not have lasted longer than 1,700 milliseconds.",37028,131,5,5,https://lifecharger.org/2-minute-rule/,2664,0,0
1645017102830,2673,MyHomePage,200,OK,UsersLifeCharger 1-5,text,false,"The operation lasted too long: It took 2,673 milliseconds, but should not have lasted longer than 1,700 milliseconds.",37028,131,5,5,https://lifecharger.org/2-minute-rule/,2643,0,0
1645017102903,3072,MyHomePage,200,OK,UsersLifeCharger 1-4,text,false,"The operation lasted too long: It took 3,072 milliseconds, but should not have lasted longer than 1,700 milliseconds.",37028,131,5,5,https://lifecharger.org/2-minute-rule/,3038,0,0
1645017103573,2434,MyHomePage,200,OK,UsersLifeCharger 1-1,text,false,"The operation lasted too long: It took 2,434 milliseconds, but should not have lasted longer than 1,700 milliseconds.",37028,131,5,5,https://lifecharger.org/2-minute-rule/,2422,0,0
1645017103468,2651,MyHomePage,200,OK,UsersLifeCharger 1-3,text,false,"The operation lasted too long: It took 2,651 milliseconds, but should not have lasted longer than 1,700 milliseconds.",37028,131,5,5,https://lifecharger.org/2-minute-rule/,2635,0,0
1645017104339,2325,MyHomePage,200,OK,UsersLifeCharger 1-2,text,false,"The operation lasted too long: It took 2,325 milliseconds, but should not have lasted longer than 1,700 milliseconds.",37028,131,5,5,https://lifecharger.org/2-minute-rule/,2322,0,0
1645017105510,1730,MyHomePage,200,OK,UsersLifeCharger 1-5,text,false,"The operation lasted too long: It took 1,730 milliseconds, but should not have lasted longer than 1,700 milliseconds.",37028,131,5,5,https://lifecharger.org/2-minute-rule/,1719,0,0
1645017105980,2100,MyHomePage,200,OK,UsersLifeCharger 1-4,text,false,"The operation lasted too long: It took 2,100 milliseconds, but should not have lasted longer than 1,700 milliseconds.",37028,131,5,5,https://lifecharger.org/2-minute-rule/,1749,0,0
1645017106020,2101,MyHomePage,200,OK,UsersLifeCharger 1-1,text,false,"The operation lasted too long: It took 2,101 milliseconds, but should not have lasted longer than 1,700 milliseconds.",37028,131,5,5,https://lifecharger.org/2-minute-rule/,2045,0,0
1645017106125,2215,MyHomePage,200,OK,UsersLifeCharger 1-3,text,false,"The operation lasted too long: It took 2,215 milliseconds, but should not have lasted longer than 1,700 milliseconds.",37028,131,5,5,https://lifecharger.org/2-minute-rule/,2205,0,0
1645017106673,1845,MyHomePage,200,OK,UsersLifeCharger 1-2,text,false,"The operation lasted too long: It took 1,845 milliseconds, but should not have lasted longer than 1,700 milliseconds.",37033,131,5,5,https://lifecharger.org/2-minute-rule/,1831,0,0
1645017107245,1850,MyHomePage,200,OK,UsersLifeCharger 1-5,text,false,"The operation lasted too long: It took 1,850 milliseconds, but should not have lasted longer than 1,700 milliseconds.",37028,131,5,5,https://lifecharger.org/2-minute-rule/,1844,0,0
1645017108090,2070,MyHomePage,200,OK,UsersLifeCharger 1-4,text,false,"The operation lasted too long: It took 2,070 milliseconds, but should not have lasted longer than 1,700 milliseconds.",37028,131,5,5,https://lifecharger.org/2-minute-rule/,2070,0,0
1645017108126,2269,MyHomePage,200,OK,UsersLifeCharger 1-1,text,false,"The operation lasted too long: It took 2,269 milliseconds, but should not have lasted longer than 1,700 milliseconds.",37028,131,5,5,https://lifecharger.org/2-minute-rule/,2256,0,0
1645017108345,2379,MyHomePage,200,OK,UsersLifeCharger 1-3,text,false,"The operation lasted too long: It took 2,379 milliseconds, but should not have lasted longer than 1,700 milliseconds.",37028,131,5,5,https://lifecharger.org/2-minute-rule/,2313,0,0
1645017108530,2567,MyHomePage,200,OK,UsersLifeCharger 1-2,text,false,"The operation lasted too long: It took 2,567 milliseconds, but should not have lasted longer than 1,700 milliseconds.",37028,131,5,5,https://lifecharger.org/2-minute-rule/,2546,0,0
1645017109099,2462,MyHomePage,200,OK,UsersLifeCharger 1-5,text,false,"The operation lasted too long: It took 2,462 milliseconds, but should not have lasted longer than 1,700 milliseconds.",37028,131,5,5,https://lifecharger.org/2-minute-rule/,2427,0,0
1645017110172,1987,MyHomePage,200,OK,UsersLifeCharger 1-4,text,false,"The operation lasted too long: It took 1,987 milliseconds, but should not have lasted longer than 1,700 milliseconds.",37028,131,5,5,https://lifecharger.org/2-minute-rule/,1963,0,0
1645017110406,1825,MyHomePage,200,OK,UsersLifeCharger 1-1,text,false,"The operation lasted too long: It took 1,825 milliseconds, but should not have lasted longer than 1,700 milliseconds.",37028,131,5,5,https://lifecharger.org/2-minute-rule/,1812,0,0
1645017110728,1720,MyHomePage,200,OK,UsersLifeCharger 1-3,text,false,"The operation lasted too long: It took 1,720 milliseconds, but should not have lasted longer than 1,700 milliseconds.",37028,131,5,5,https://lifecharger.org/2-minute-rule/,1714,0,0
1645017111111,2029,MyHomePage,200,OK,UsersLifeCharger 1-2,text,false,"The operation lasted too long: It took 2,029 milliseconds, but should not have lasted longer than 1,700 milliseconds.",37028,131,5,5,https://lifecharger.org/2-minute-rule/,1997,0,0
1645017111570,1680,MyHomePage,200,OK,UsersLifeCharger 1-5,text,false,can't parse argument number: ,37028,131,5,5,https://lifecharger.org/2-minute-rule/,1638,0,0
1645017112168,2093,MyHomePage,200,OK,UsersLifeCharger 1-4,text,false,"The operation lasted too long: It took 2,093 milliseconds, but should not have lasted longer than 1,700 milliseconds.",37028,131,5,5,https://lifecharger.org/2-minute-rule/,2071,0,0
1645017112451,1918,MyHomePage,200,OK,UsersLifeCharger 1-3,text,false,"The operation lasted too long: It took 1,918 milliseconds, but should not have lasted longer than 1,700 milliseconds.",37028,131,5,5,https://lifecharger.org/2-minute-rule/,1917,0,0
1645017112240,2163,MyHomePage,200,OK,UsersLifeCharger 1-1,text,false,"The operation lasted too long: It took 2,163 milliseconds, but should not have lasted longer than 1,700 milliseconds.",37028,131,5,5,https://lifecharger.org/2-minute-rule/,2128,0,0
1645017113145,2143,MyHomePage,200,OK,UsersLifeCharger 1-2,text,false,"The operation lasted too long: It took 2,143 milliseconds, but should not have lasted longer than 1,700 milliseconds.",37028,131,5,5,https://lifecharger.org/2-minute-rule/,2076,0,0
1645017113256,2131,MyHomePage,200,OK,UsersLifeCharger 1-5,text,false,"The operation lasted too long: It took 2,131 milliseconds, but should not have lasted longer than 1,700 milliseconds.",37028,131,5,5,https://lifecharger.org/2-minute-rule/,2101,0,0
1645017114267,2857,MyHomePage,200,OK,UsersLifeCharger 1-4,text,false,"The operation lasted too long: It took 2,857 milliseconds, but should not have lasted longer than 1,700 milliseconds.",37028,131,5,5,https://lifecharger.org/2-minute-rule/,2851,0,0
1645017114378,2814,MyHomePage,200,OK,UsersLifeCharger 1-3,text,false,"The operation lasted too long: It took 2,814 milliseconds, but should not have lasted longer than 1,700 milliseconds.",37028,131,5,5,https://lifecharger.org/2-minute-rule/,2800,0,0
1645017114410,2816,MyHomePage,200,OK,UsersLifeCharger 1-1,text,false,"The operation lasted too long: It took 2,816 milliseconds, but should not have lasted longer than 1,700 milliseconds.",37028,131,5,5,https://lifecharger.org/2-minute-rule/,2809,0,0
1645017115299,2198,MyHomePage,200,OK,UsersLifeCharger 1-2,text,false,"The operation lasted too long: It took 2,198 milliseconds, but should not have lasted longer than 1,700 milliseconds.",37028,131,5,5,https://lifecharger.org/2-minute-rule/,2195,0,0
1645017115398,2158,MyHomePage,200,OK,UsersLifeCharger 1-5,text,false,"The operation lasted too long: It took 2,158 milliseconds, but should not have lasted longer than 1,700 milliseconds.",37028,131,5,5,https://lifecharger.org/2-minute-rule/,2153,0,0
1645017117236,1931,MyHomePage,200,OK,UsersLifeCharger 1-1,text,false,"The operation lasted too long: It took 1,931 milliseconds, but should not have lasted longer than 1,700 milliseconds.",37028,131,5,5,https://lifecharger.org/2-minute-rule/,1915,0,0
1645017117200,1985,MyHomePage,200,OK,UsersLifeCharger 1-3,text,false,"The operation lasted too long: It took 1,985 milliseconds, but should not have lasted longer than 1,700 milliseconds.",37028,131,5,5,https://lifecharger.org/2-minute-rule/,1973,0,0
1645017117137,2059,MyHomePage,200,OK,UsersLifeCharger 1-4,text,false,"The operation lasted too long: It took 2,059 milliseconds, but should not have lasted longer than 1,700 milliseconds.",37028,131,5,5,https://lifecharger.org/2-minute-rule/,2057,0,0
1645017117564,1877,MyHomePage,200,OK,UsersLifeCharger 1-5,text,false,"The operation lasted too long: It took 1,877 milliseconds, but should not have lasted longer than 1,700 milliseconds.",37028,131,5,5,https://lifecharger.org/2-minute-rule/,1873,0,0
1645017117512,1939,MyHomePage,200,OK,UsersLifeCharger 1-2,text,false,"The operation lasted too long: It took 1,939 milliseconds, but should not have lasted longer than 1,700 milliseconds.",37028,131,5,5,https://lifecharger.org/2-minute-rule/,1939,0,0
1645017119176,1929,MyHomePage,200,OK,UsersLifeCharger 1-1,text,false,"The operation lasted too long: It took 1,929 milliseconds, but should not have lasted longer than 1,700 milliseconds.",37028,131,5,5,https://lifecharger.org/2-minute-rule/,1913,0,0
1645017119193,1938,MyHomePage,200,OK,UsersLifeCharger 1-3,text,false,"The operation lasted too long: It took 1,938 milliseconds, but should not have lasted longer than 1,700 milliseconds.",37028,131,5,5,https://lifecharger.org/2-minute-rule/,1937,0,0
1645017119203,1981,MyHomePage,200,OK,UsersLifeCharger 1-4,text,false,"The operation lasted too long: It took 1,981 milliseconds, but should not have lasted longer than 1,700 milliseconds.",37028,131,5,5,https://lifecharger.org/2-minute-rule/,1947,0,0
1645017119455,1939,MyHomePage,200,OK,UsersLifeCharger 1-5,text,false,"The operation lasted too long: It took 1,939 milliseconds, but should not have lasted longer than 1,700 milliseconds.",37028,131,5,5,https://lifecharger.org/2-minute-rule/,1927,0,0
1645017119459,2005,MyHomePage,200,OK,UsersLifeCharger 1-2,text,false,"The operation lasted too long: It took 2,005 milliseconds, but should not have lasted longer than 1,700 milliseconds.",37028,131,5,5,https://lifecharger.org/2-minute-rule/,2004,0,0
1645017121115,1372,MyHomePage,200,OK,UsersLifeCharger 1-1,text,false,can't parse argument number: ,37028,131,5,5,https://lifecharger.org/2-minute-rule/,1339,0,0
1645017121137,1517,MyHomePage,200,OK,UsersLifeCharger 1-3,text,false,can't parse argument number: ,37028,131,5,5,https://lifecharger.org/2-minute-rule/,1300,0,0
1645017121197,1889,MyHomePage,200,OK,UsersLifeCharger 1-4,text,false,"The operation lasted too long: It took 1,889 milliseconds, but should not have lasted longer than 1,700 milliseconds.",37028,131,5,5,https://lifecharger.org/2-minute-rule/,1347,0,0
1645017121470,2043,MyHomePage,200,OK,UsersLifeCharger 1-2,text,false,"The operation lasted too long: It took 2,043 milliseconds, but should not have lasted longer than 1,700 milliseconds.",37028,131,5,5,https://lifecharger.org/2-minute-rule/,2037,0,0
1645017121405,2117,MyHomePage,200,OK,UsersLifeCharger 1-5,text,false,"The operation lasted too long: It took 2,117 milliseconds, but should not have lasted longer than 1,700 milliseconds.",37028,131,5,5,https://lifecharger.org/2-minute-rule/,2108,0,0
1645017122664,1627,MyHomePage,200,OK,UsersLifeCharger 1-3,text,false,can't parse argument number: ,37028,131,5,5,https://lifecharger.org/2-minute-rule/,1620,0,0
1645017122498,1903,MyHomePage,200,OK,UsersLifeCharger 1-1,text,false,"The operation lasted too long: It took 1,903 milliseconds, but should not have lasted longer than 1,700 milliseconds.",37028,131,5,5,https://lifecharger.org/2-minute-rule/,1898,0,0
1645017123096,2037,MyHomePage,200,OK,UsersLifeCharger 1-4,text,false,"The operation lasted too long: It took 2,037 milliseconds, but should not have lasted longer than 1,700 milliseconds.",37028,131,5,5,https://lifecharger.org/2-minute-rule/,2022,0,0
1645017123529,1827,MyHomePage,200,OK,UsersLifeCharger 1-2,text,false,"The operation lasted too long: It took 1,827 milliseconds, but should not have lasted longer than 1,700 milliseconds.",37028,131,5,5,https://lifecharger.org/2-minute-rule/,1814,0,0
1645017123529,1860,MyHomePage,200,OK,UsersLifeCharger 1-5,text,false,"The operation lasted too long: It took 1,860 milliseconds, but should not have lasted longer than 1,700 milliseconds.",37028,131,5,5,https://lifecharger.org/2-minute-rule/,1859,0,0
1645017124409,1839,MyHomePage,200,OK,UsersLifeCharger 1-1,text,false,"The operation lasted too long: It took 1,839 milliseconds, but should not have lasted longer than 1,700 milliseconds.",37028,131,5,5,https://lifecharger.org/2-minute-rule/,1824,0,0
1645017124298,1950,MyHomePage,200,OK,UsersLifeCharger 1-3,text,false,"The operation lasted too long: It took 1,950 milliseconds, but should not have lasted longer than 1,700 milliseconds.",37033,131,5,5,https://lifecharger.org/2-minute-rule/,1941,0,0
1645017125395,1880,MyHomePage,200,OK,UsersLifeCharger 1-5,text,false,"The operation lasted too long: It took 1,880 milliseconds, but should not have lasted longer than 1,700 milliseconds.",37028,131,3,3,https://lifecharger.org/2-minute-rule/,1864,0,0
1645017125143,2132,MyHomePage,200,OK,UsersLifeCharger 1-4,text,false,"The operation lasted too long: It took 2,132 milliseconds, but should not have lasted longer than 1,700 milliseconds.",37028,131,3,3,https://lifecharger.org/2-minute-rule/,2113,0,0
1645017125366,2028,MyHomePage,200,OK,UsersLifeCharger 1-2,text,false,"The operation lasted too long: It took 2,028 milliseconds, but should not have lasted longer than 1,700 milliseconds.",37028,131,1,1,https://lifecharger.org/2-minute-rule/,2018,0,0
